PRAGMA foreign_keys = OFF;

DROP TABLE "Acronym";

CREATE TABLE "Acronym" ("id" INTEGER NOT NULL PRIMARY KEY, "short" TEXT NOT NULL, "long" TEXT NOT NULL, "userID" BLOB NOT NULL, CONSTRAINT "fk:Acronym.userID+User.id" FOREIGN KEY ("userID") REFERENCES "User" ("id"));
INSERT INTO "Acronym" VALUES (1, 'AFAIK', 'As Far AS I Know', X'FE34ACA7C0064DB1B1F6050B52C5D169');
INSERT INTO "Acronym" VALUES (2, 'OMG', 'Oh My God', X'7B7E4D46E2C04B5CA95452F40EFC69B6');
INSERT INTO "Acronym" VALUES (3, 'DIY', 'Do It Yourself', X'7B7E4D46E2C04B5CA95452F40EFC69B6');
INSERT INTO "Acronym" VALUES (4, 'SYS', 'See You Soon', X'FE34ACA7C0064DB1B1F6050B52C5D169');
INSERT INTO "Acronym" VALUES (5, 'WTF', 'What The Fool', X'7B7E4D46E2C04B5CA95452F40EFC69B6');
INSERT INTO "Acronym" VALUES (6, 'LOL', 'Laughing Out Loud', X'FE34ACA7C0064DB1B1F6050B52C5D169');
INSERT INTO "Acronym" VALUES (7, 'GNU', 'GNU is Not Unix', X'7B7E4D46E2C04B5CA95452F40EFC69B6');
INSERT INTO "Acronym" VALUES (8, 'IKR', 'I Know Right', X'D9788C3E0F0146C6871B4C56BA1FA91A');
INSERT INTO "Acronym" VALUES (9, 'A12C4', 'A Un De Ces Quatres', X'D9788C3E0F0146C6871B4C56BA1FA91A');
INSERT INTO "Acronym" VALUES (10, 'IRL', 'In Real Lifetime', X'D9788C3E0F0146C6871B4C56BA1FA91A');


DROP TABLE "User";

CREATE TABLE "User" ("id" BLOB NOT NULL PRIMARY KEY, "name" TEXT NOT NULL, "username" TEXT NOT NULL);
INSERT INTO "User" VALUES (X'FE34ACA7C0064DB1B1F6050B52C5D169', 'Joe Garmon', 'jg');
INSERT INTO "User" VALUES (X'7B7E4D46E2C04B5CA95452F40EFC69B6', 'Olivier Jacky', 'oj');
INSERT INTO "User" VALUES (X'D9788C3E0F0146C6871B4C56BA1FA91A', 'Aline Dropan', 'ad');


DROP TABLE "fluent";

CREATE TABLE "fluent" ("id" BLOB NOT NULL PRIMARY KEY, "name" TEXT NOT NULL, "batch" INTEGER NOT NULL, "createdAt" REAL , "updatedAt" REAL );
INSERT INTO "fluent" VALUES (X'362C9C6D4D1A45C2AC834EF9078AB67D', 'User', 1, 1.53407236115849208825e+09, 1.53407236115849208825e+09);
INSERT INTO "fluent" VALUES (X'73FC8123DC5546BA821CC199320F32A9', 'Acronym', 1, 1.5340724228547110557e+09, 1.5340724228547110557e+09);
INSERT INTO "fluent" VALUES (X'5203B748193443E6855C1D534887243B', 'Acronym', 1, 1.53383303779337787624e+09, 1.53383303779337787624e+09);
INSERT INTO "fluent" VALUES (X'22C02D6CF3454DF7A95762F63CB1212E', 'User', 2, 1.53399841362200593949e+09, 1.53399841362200593949e+09);

PRAGMA foreign_keys = ON;