PRAGMA foreign_keys=OFF;
BEGIN TRANSACTION;
CREATE TABLE IF NOT EXISTS "fluent" ("id" BLOB NOT NULL PRIMARY KEY, "name" TEXT NOT NULL, "batch" INTEGER NOT NULL, "createdAt" REAL , "updatedAt" REAL );
INSERT INTO fluent VALUES(X'3a86aa5420404414ad163bbe77d3d9c9','User',1,1534783432.0169301033,1534783432.0169301033);
INSERT INTO fluent VALUES(X'f943a172edb7402ab2078d72ff50e11b','Acronym',1,1534783432.0249381065,1534783432.0249381065);
INSERT INTO fluent VALUES(X'29a8a3d6f2e04f0da1274741d7888006','Category',1,1534783432.030632019,1534783432.030632019);
INSERT INTO fluent VALUES(X'66e4e9b80871448c92faedab30339a5e','AcronymCategoryPivot',1,1534783432.0373940468,1534783432.0373940468);
INSERT INTO fluent VALUES(X'f782c8ead6554cbda7a552f56092d752','Post',1,1534783432.0428340434,1534783432.0428340434);
INSERT INTO fluent VALUES(X'62fcdc25d6964510af3e45b6bbe0a5a1','PostResponse',1,1534783432.048582077,1534783432.048582077);
INSERT INTO fluent VALUES(X'92c5eb56b4544681a719827a63ef8003','Token',1,1534783432.0575728416,1534783432.0575728416);
INSERT INTO fluent VALUES(X'1b28bf6bc5d94184bfc158931ea31127','AdminUser',1,1534783432.5641720294,1534783432.5641720294);
CREATE TABLE IF NOT EXISTS "User" ("id" BLOB NOT NULL PRIMARY KEY, "name" TEXT NOT NULL, "username" TEXT NOT NULL, "password" TEXT NOT NULL, CONSTRAINT "uq:User.username" UNIQUE ("username"));
INSERT INTO User VALUES(X'2f68f6f0c28f44549a79bb6764702d57','Admin','admin','$2b$12$Ep.t5vstcApQcTZkDFB.5eKZ0RHJD57DSPXAmUqBK6n3bB1oFzgVK');
INSERT INTO User VALUES(X'fe34aca7c0064db1b1f6050b52c5d169','Joe Garmon','jg','$2b$12$U3FIgqOGHa5nsOVV87oXruamIdiEq0o7Fwjb/WVbjOeSAnhIZVt8G');
INSERT INTO User VALUES(X'7b7e4d46e2c04b5ca95452f40efc69b6','Olivier Jacky','oj','$2b$12$HdJI.F/nXGDOt3IbI7wc..Wo.BFT4uV7ZfIlRFxqz6Wg7e39RF4UW');
INSERT INTO User VALUES(X'd9788c3e0f0146c6871b4c56ba1fa91a','Aline Dropan','ad','$2b$12$pJdKsK9KRYtZrFg5VDBRv.mzlb4epOZ0fg8YMZxWiH6AEybPMy0Bi');
INSERT INTO User VALUES(X'ae3508be76464da3893a16346a1cfb8a','Alice','alice','$2b$12$jReaTnLjqf2pDmo7XVO68usKinIW0//LiDhFBtqwJTxbbgtm4Wu/a');
INSERT INTO User VALUES(X'11eab3ae08504f1281ea149f2ebd41b9','Luke','luke','$2b$12$n9LpFsk7BQglQ.OwwGwoBeJsIv3GbrKgITMpgp/jjFyCmPt1NTjs6');
INSERT INTO User VALUES(X'03fa0a0d2f754f5597f4e36c550d7527','Ramon Bike','rb','$2b$12$tEgwDG0ZFlmFyK/VCAT4K.8YlBWf0vF.qdBoC3T5t7DXssUezEdjW');
INSERT INTO User VALUES(X'fedcf2781c274cf5ae281000c0e62c6f','Valérie Surteau','vs','$2b$12$YlqjfmvmqkyQ14kMv46KKeshnIPVhwAnWWXdqcCe9txYf.C4st0pm');
INSERT INTO User VALUES(X'809115e95aec41da9a608455bd6d96d2','Achille Talon','at','$2b$12$6E5cg8nVNAkD/A3NRUqpHuhrRs4ErOAOoxAEXjmnbcXbObKN8F7/a');
INSERT INTO User VALUES(X'1ebaead6b827456fbd0ef6b2da1ea9b6','Franz Post','fp','fp');
INSERT INTO User VALUES(X'12a6545be9db479881fc00abb450fc16','Al Ready','ar','qr');
CREATE TABLE IF NOT EXISTS "Acronym" ("id" INTEGER NOT NULL PRIMARY KEY, "short" TEXT NOT NULL, "long" TEXT NOT NULL, "userID" BLOB NOT NULL, CONSTRAINT "fk:Acronym.userID+User.id" FOREIGN KEY ("userID") REFERENCES "User" ("id"));
INSERT INTO Acronym VALUES(3,'DIY','Done it.',X'fe34aca7c0064db1b1f6050b52c5d169');
INSERT INTO Acronym VALUES(4,'SYS','See You Soon',X'fe34aca7c0064db1b1f6050b52c5d169');
INSERT INTO Acronym VALUES(6,'LOL','Laughing Out Loud',X'fe34aca7c0064db1b1f6050b52c5d169');
INSERT INTO Acronym VALUES(7,'GNU','GNU is Not Unix',X'7b7e4d46e2c04b5ca95452f40efc69b6');
INSERT INTO Acronym VALUES(8,'IKR','I Know Right',X'fe34aca7c0064db1b1f6050b52c5d169');
INSERT INTO Acronym VALUES(9,'A12C4','A Un De Ces Quatres',X'd9788c3e0f0146c6871b4c56ba1fa91a');
INSERT INTO Acronym VALUES(10,'IRL','In Real Lifetime',X'd9788c3e0f0146c6871b4c56ba1fa91a');
INSERT INTO Acronym VALUES(11,'AFAIK','As Far Antionio Is Known',X'11eab3ae08504f1281ea149f2ebd41b9');
INSERT INTO Acronym VALUES(14,'HTH','Hope That Helps',X'7b7e4d46e2c04b5ca95452f40efc69b6');
INSERT INTO Acronym VALUES(15,'OMG','Oh My God',X'809115e95aec41da9a608455bd6d96d2');
INSERT INTO Acronym VALUES(16,'IKR','I Know Right',X'2f68f6f0c28f44549a79bb6764702d57');
CREATE TABLE IF NOT EXISTS "Category" ("id" INTEGER NOT NULL PRIMARY KEY, "name" TEXT NOT NULL, "description" TEXT );
INSERT INTO Category VALUES(1,'Chat','Commonly used chat talk');
INSERT INTO Category VALUES(2,'Technical','Commonly used technical talk');
INSERT INTO Category VALUES(3,'Computer','Commonly used computer science');
INSERT INTO Category VALUES(4,'Gaming',NULL);
INSERT INTO Category VALUES(5,'Étiquette ',NULL);
CREATE TABLE IF NOT EXISTS "Acronym_Category" ("id" BLOB NOT NULL PRIMARY KEY, "acronymID" INTEGER NOT NULL, "categoryID" INTEGER NOT NULL, CONSTRAINT "fk:Acronym_Category.acronymID+Acronym.id" FOREIGN KEY ("acronymID") REFERENCES "Acronym" ("id") ON DELETE CASCADE, CONSTRAINT "fk:Acronym_Category.categoryID+Category.id" FOREIGN KEY ("categoryID") REFERENCES "Category" ("id") ON DELETE CASCADE);
INSERT INTO Acronym_Category VALUES(X'49272d90f80b44d0844439fca3a13b8c',3,2);
INSERT INTO Acronym_Category VALUES(X'9fa0eef2eba641a498bf98fe2db47389',9,2);
INSERT INTO Acronym_Category VALUES(X'67f481b78b6846be8539c73964364ded',11,2);
INSERT INTO Acronym_Category VALUES(X'dccc94568cdb4aae9ca8dc66475b0e9b',11,3);
INSERT INTO Acronym_Category VALUES(X'aba0c0939a6c45b6ae847be48dbd694c',3,4);
CREATE TABLE IF NOT EXISTS "Post" ("id" INTEGER NOT NULL PRIMARY KEY, "title" TEXT NOT NULL, "content" TEXT NOT NULL, "userID" BLOB NOT NULL);
INSERT INTO Post VALUES(1,'Joe''s first post','Blablabla and some other things.',X'fe34aca7c0064db1b1f6050b52c5d169');
INSERT INTO Post VALUES(2,'Joe''s second post','Patati patata and some other things.',X'fe34aca7c0064db1b1f6050b52c5d169');
CREATE TABLE IF NOT EXISTS "PostResponse" ("id" INTEGER NOT NULL PRIMARY KEY, "title" TEXT NOT NULL, "content" TEXT NOT NULL, "username" TEXT NOT NULL, "postID" INTEGER NOT NULL);
CREATE TABLE IF NOT EXISTS "Token" ("id" BLOB NOT NULL PRIMARY KEY, "token" TEXT NOT NULL, "userID" BLOB NOT NULL, CONSTRAINT "fk:Token.userID+User.id" FOREIGN KEY ("userID") REFERENCES "User" ("id"));
INSERT INTO Token VALUES(X'47e3322966bc444d932d2e956c67647e','oyJ/PAo3WziMhNibqS1z9g==',X'2f68f6f0c28f44549a79bb6764702d57');
COMMIT;
