

CREATE TABLE `Acronym` (
	`id`	INTEGER NOT NULL,
	`short`	TEXT NOT NULL,
	`long`	TEXT NOT NULL,
	`userID`	BLOB NOT NULL,
	PRIMARY KEY(`id`),
	CONSTRAINT `fk:Acronym.userID+User.id` FOREIGN KEY(`userID`) REFERENCES `User`(`id`)
);
INSERT INTO "Acronym" VALUES (3, 'DIY', 'Done it.', X'FE34ACA7C0064DB1B1F6050B52C5D169');
INSERT INTO "Acronym" VALUES (4, 'SYS', 'See You Soon', X'FE34ACA7C0064DB1B1F6050B52C5D169');
INSERT INTO "Acronym" VALUES (6, 'LOL', 'Laughing Out Loud', X'FE34ACA7C0064DB1B1F6050B52C5D169');
INSERT INTO "Acronym" VALUES (7, 'GNU', 'GNU is Not Unix', X'7B7E4D46E2C04B5CA95452F40EFC69B6');
INSERT INTO "Acronym" VALUES (8, 'IKR', 'I Know Right', X'FE34ACA7C0064DB1B1F6050B52C5D169');
INSERT INTO "Acronym" VALUES (9, 'A12C4', 'A Un De Ces Quatres', X'D9788C3E0F0146C6871B4C56BA1FA91A');
INSERT INTO "Acronym" VALUES (10, 'IRL', 'In Real Lifetime', X'D9788C3E0F0146C6871B4C56BA1FA91A');
INSERT INTO "Acronym" VALUES (11, 'AFAIK', 'As Far Antionio Is Known', X'11EAB3AE08504F1281EA149F2EBD41B9');
INSERT INTO "Acronym" VALUES (14, 'HTH', 'Hope That Helps', X'7B7E4D46E2C04B5CA95452F40EFC69B6');


CREATE TABLE `Acronym_Category` (
	`id`	BLOB NOT NULL,
	`acronymID`	INTEGER NOT NULL,
	`categoryID`	INTEGER NOT NULL,
	CONSTRAINT `fk:Acronym_Category.categoryID+Category.id` FOREIGN KEY(`categoryID`) REFERENCES `Category`(`id`) ON DELETE CASCADE,
	PRIMARY KEY(`id`),
	CONSTRAINT `fk:Acronym_Category.acronymID+Acronym.id` FOREIGN KEY(`acronymID`) REFERENCES `Acronym`(`id`) ON DELETE CASCADE
);
INSERT INTO "Acronym_Category" VALUES (X'49272D90F80B44D0844439FCA3A13B8C', 3, 2);
INSERT INTO "Acronym_Category" VALUES (X'9FA0EEF2EBA641A498BF98FE2DB47389', 9, 2);
INSERT INTO "Acronym_Category" VALUES (X'67F481B78B6846BE8539C73964364DED', 11, 2);
INSERT INTO "Acronym_Category" VALUES (X'DCCC94568CDB4AAE9CA8DC66475B0E9B', 11, 3);
INSERT INTO "Acronym_Category" VALUES (X'ABA0C0939A6C45B6AE847BE48DBD694C', 3, 4);


CREATE TABLE `Category` (
	`id`	INTEGER NOT NULL,
	`name`	TEXT NOT NULL,
	`description`	TEXT,
	PRIMARY KEY(`id`)
);
INSERT INTO "Category" VALUES (1, 'Chat', 'Commonly used chat talk');
INSERT INTO "Category" VALUES (2, 'Technical', 'Commonly used technical talk');
INSERT INTO "Category" VALUES (3, 'Computer', 'Commonly used computer science');
INSERT INTO "Category" VALUES (4, 'Gaming', NULL);


CREATE TABLE `Post` (
	`id`	INTEGER NOT NULL,
	`title`	TEXT NOT NULL,
	`content`	TEXT NOT NULL,
	`userID`	BLOB NOT NULL,
	PRIMARY KEY(`id`)
);
INSERT INTO "Post" VALUES (1, 'Joe''s first post', 'Blablabla and some other things.', X'FE34ACA7C0064DB1B1F6050B52C5D169');
INSERT INTO "Post" VALUES (2, 'Joe''s second post', 'Patati patata and some other things.', X'FE34ACA7C0064DB1B1F6050B52C5D169');


CREATE TABLE `PostResponse` (
	`id`	INTEGER NOT NULL,
	`title`	TEXT NOT NULL,
	`content`	TEXT NOT NULL,
	`username`	TEXT NOT NULL,
	`postID`	INTEGER NOT NULL,
	PRIMARY KEY(`id`)
);


CREATE TABLE `User` (
	`id`	BLOB NOT NULL,
	`name`	TEXT NOT NULL,
	`username`	TEXT NOT NULL,
	`password`	TEXT NOT NULL,
	CONSTRAINT `uq:User.username` UNIQUE(`username`),
	PRIMARY KEY(`id`)
);
INSERT INTO "User" VALUES (X'FE34ACA7C0064DB1B1F6050B52C5D169', 'Joe Garmon', 'jg', 'jg');
INSERT INTO "User" VALUES (X'7B7E4D46E2C04B5CA95452F40EFC69B6', 'Olivier Jacky', 'oj', 'oj');
INSERT INTO "User" VALUES (X'D9788C3E0F0146C6871B4C56BA1FA91A', 'Aline Dropan', 'ad', 'ad');
INSERT INTO "User" VALUES (X'AE3508BE76464DA3893A16346A1CFB8A', 'Alice', 'alice', 'alice');
INSERT INTO "User" VALUES (X'11EAB3AE08504F1281EA149F2EBD41B9', 'Luke', 'luke', 'luke');
INSERT INTO "User" VALUES (X'03FA0A0D2F754F5597F4E36C550D7527', 'Ramon Bike', 'rb', 'rb');


CREATE TABLE "fluent" ("id" BLOB NOT NULL PRIMARY KEY, "name" TEXT NOT NULL, "batch" INTEGER NOT NULL, "createdAt" REAL , "updatedAt" REAL );
INSERT INTO "fluent" VALUES (X'27CC628EFDD64038B5819431A19B2893', 'User', 1, 1.53458222320663785929e+09, 1.53458222320663785929e+09);
INSERT INTO "fluent" VALUES (X'5C200D77E7C44C62851CC2B477EB6403', 'Acronym', 1, 1.53458222321471786497e+09, 1.53458222321471786497e+09);
INSERT INTO "fluent" VALUES (X'88339929CD474F359B961002C7C0DE77', 'Category', 1, 1.53458222322023487096e+09, 1.53458222322023487096e+09);
INSERT INTO "fluent" VALUES (X'2F5B9EE87596463D84B81579FFDB309C', 'AcronymCategoryPivot', 1, 1.53458222322765111926e+09, 1.53458222322765111926e+09);
INSERT INTO "fluent" VALUES (X'C94B720E935D4F9087CAFDA44D619A9E', 'Post', 1, 1.53458222323296403881e+09, 1.53458222323296403881e+09);
INSERT INTO "fluent" VALUES (X'CFD96A8531934EFA917D60FA746D0A2E', 'PostResponse', 1, 1.53458222323845911022e+09, 1.53458222323845911022e+09);
