PRAGMA foreign_keys=OFF;
INSERT INTO User VALUES(X'fe34aca7c0064db1b1f6050b52c5d169','Joe Garmon','jg','$2b$12$U3FIgqOGHa5nsOVV87oXruamIdiEq0o7Fwjb/WVbjOeSAnhIZVt8G');
INSERT INTO User VALUES(X'7b7e4d46e2c04b5ca95452f40efc69b6','Olivier Jacky','oj','$2b$12$HdJI.F/nXGDOt3IbI7wc..Wo.BFT4uV7ZfIlRFxqz6Wg7e39RF4UW');
INSERT INTO User VALUES(X'd9788c3e0f0146c6871b4c56ba1fa91a','Aline Dropan','ad','$2b$12$pJdKsK9KRYtZrFg5VDBRv.mzlb4epOZ0fg8YMZxWiH6AEybPMy0Bi');
INSERT INTO User VALUES(X'ae3508be76464da3893a16346a1cfb8a','Alice','alice','$2b$12$jReaTnLjqf2pDmo7XVO68usKinIW0//LiDhFBtqwJTxbbgtm4Wu/a');
INSERT INTO User VALUES(X'11eab3ae08504f1281ea149f2ebd41b9','Luke','luke','$2b$12$n9LpFsk7BQglQ.OwwGwoBeJsIv3GbrKgITMpgp/jjFyCmPt1NTjs6');
INSERT INTO User VALUES(X'03fa0a0d2f754f5597f4e36c550d7527','Ramon Bike','rb','$2b$12$tEgwDG0ZFlmFyK/VCAT4K.8YlBWf0vF.qdBoC3T5t7DXssUezEdjW');
INSERT INTO User VALUES(X'fedcf2781c274cf5ae281000c0e62c6f','Valérie Surteau','vs','$2b$12$YlqjfmvmqkyQ14kMv46KKeshnIPVhwAnWWXdqcCe9txYf.C4st0pm');
INSERT INTO User VALUES(X'809115e95aec41da9a608455bd6d96d2','Achille Talon','at','$2b$12$6E5cg8nVNAkD/A3NRUqpHuhrRs4ErOAOoxAEXjmnbcXbObKN8F7/a');
INSERT INTO Post VALUES(1,'Joe''s first post','Blablabla and some other things.',X'fe34aca7c0064db1b1f6050b52c5d169');
INSERT INTO Post VALUES(2,'Joe''s second post','Patati patata and some other things.',X'fe34aca7c0064db1b1f6050b52c5d169');
INSERT INTO Category VALUES(1,'Chat','Commonly used chat talk');
INSERT INTO Category VALUES(2,'Technical','Commonly used technical talk');
INSERT INTO Category VALUES(3,'Computer','Commonly used computer science');
INSERT INTO Category VALUES(4,'Gaming',NULL);
INSERT INTO Acronym_Category VALUES(X'49272d90f80b44d0844439fca3a13b8c',3,2);
INSERT INTO Acronym_Category VALUES(X'9fa0eef2eba641a498bf98fe2db47389',9,2);
INSERT INTO Acronym_Category VALUES(X'67f481b78b6846be8539c73964364ded',11,2);
INSERT INTO Acronym_Category VALUES(X'dccc94568cdb4aae9ca8dc66475b0e9b',11,3);
INSERT INTO Acronym_Category VALUES(X'aba0c0939a6c45b6ae847be48dbd694c',3,4);
INSERT INTO Acronym VALUES(3,'DIY','Done it.',X'fe34aca7c0064db1b1f6050b52c5d169');
INSERT INTO Acronym VALUES(4,'SYS','See You Soon',X'fe34aca7c0064db1b1f6050b52c5d169');
INSERT INTO Acronym VALUES(6,'LOL','Laughing Out Loud',X'fe34aca7c0064db1b1f6050b52c5d169');
INSERT INTO Acronym VALUES(7,'GNU','GNU is Not Unix',X'7b7e4d46e2c04b5ca95452f40efc69b6');
INSERT INTO Acronym VALUES(8,'IKR','I Know Right',X'fe34aca7c0064db1b1f6050b52c5d169');
INSERT INTO Acronym VALUES(9,'A12C4','A Un De Ces Quatres',X'd9788c3e0f0146c6871b4c56ba1fa91a');
INSERT INTO Acronym VALUES(10,'IRL','In Real Lifetime',X'd9788c3e0f0146c6871b4c56ba1fa91a');
INSERT INTO Acronym VALUES(11,'AFAIK','As Far Antionio Is Known',X'11eab3ae08504f1281ea149f2ebd41b9');
INSERT INTO Acronym VALUES(14,'HTH','Hope That Helps',X'7b7e4d46e2c04b5ca95452f40efc69b6');
INSERT INTO Acronym VALUES(15,'OMG','Oh My God',X'809115e95aec41da9a608455bd6d96d2');
PRAGMA foreign_keys=ON;
